[
{
  "model": "inst_app.publication",
  "pk": 3,
  "fields": {
    "image": "posts/soup.jpg",
    "text": "Сегодня я приготовила тыквенный суп с ароматными специями. Он такой вкусный! Рецепт в моем блоге. #питание #рецепт",
    "user": 6,
    "like": 3,
    "comment": 0,
    "created_at": "2024-03-18T17:56:26.959Z"
  }
},
{
  "model": "inst_app.publication",
  "pk": 4,
  "fields": {
    "image": "posts/forest.jpg",
    "text": "Сегодняшнее приключение - путешествие по дикой реке в глубине леса. Удивительные виды и адреналин! #природа #путешествие",
    "user": 7,
    "like": 1,
    "comment": 0,
    "created_at": "2024-03-18T18:00:02.412Z"
  }
},
{
  "model": "inst_app.publication",
  "pk": 5,
  "fields": {
    "image": "posts/sunset.jpg",
    "text": "Прекрасный закат на побережье заставляет меня задуматься о бесконечности моря и жизни. #природа #море #закат",
    "user": 8,
    "like": 4,
    "comment": 4,
    "created_at": "2024-03-18T18:02:29.442Z"
  }
},
{
  "model": "inst_app.publication",
  "pk": 6,
  "fields": {
    "image": "posts/project.jpg",
    "text": "Сегодня начала работать над новым проектом в области разработки программного обеспечения. Уже много интересных идей! #программирование #проект",
    "user": 10,
    "like": 2,
    "comment": 0,
    "created_at": "2024-03-18T18:05:07.800Z"
  }
},
{
  "model": "inst_app.publication",
  "pk": 7,
  "fields": {
    "image": "posts/home.jpg",
    "text": "Сегодня я провел потрясающую фотосессию в старом заброшенном здании. Моя любовь к фотографии только усиливается! #фотография #творчество",
    "user": 9,
    "like": 1,
    "comment": 0,
    "created_at": "2024-03-18T18:06:32.548Z"
  }
},
{
  "model": "inst_app.publication",
  "pk": 8,
  "fields": {
    "image": "posts/rago.jpg",
    "text": "Сегодня открыла для себя новый рецепт — традиционный французский рагу. Использовала только свежие ингредиенты и много любви! Результат превзошел все ожидания. Теперь это одно из моих любимых блюд. Кто хочет рецепт? 🍲😋 #кулинария #рецепт",
    "user": 6,
    "like": 4,
    "comment": 4,
    "created_at": "2024-03-18T18:53:50.073Z"
  }
},
{
  "model": "inst_app.publication",
  "pk": 9,
  "fields": {
    "image": "posts/rain.jpg",
    "text": "Стремительные игры воды, исполненные музыкальным ритмом дождевых капель. В этом танце пространство наполняется жизнью и движением, словно каждая капля — нота в симфонии природы.",
    "user": 8,
    "like": 3,
    "comment": 0,
    "created_at": "2024-03-21T09:02:14.248Z"
  }
},
{
  "model": "inst_app.publication",
  "pk": 10,
  "fields": {
    "image": "posts/forest_beauty.jpg",
    "text": "Таинственные лучи света, проникающие сквозь листву, словно манящее приглашение в мир загадок и чудес. В этом лесу каждое дерево — стражи тайн, каждый шепот ветра — загадка, ожидающая разгадки.",
    "user": 8,
    "like": 3,
    "comment": 1,
    "created_at": "2024-03-21T09:03:55.755Z"
  }
},
{
  "model": "inst_app.publication",
  "pk": 11,
  "fields": {
    "image": "posts/autumn.jpg",
    "text": "Осенние краски, играющие своими яркими оттенками на холсте природы. В каждой желтой листве — отголосок прошедших мгновений, напоминание о красоте изменения и бесконечном цикле жизни.",
    "user": 8,
    "like": 3,
    "comment": 0,
    "created_at": "2024-03-21T09:08:26.730Z"
  }
},
{
  "model": "inst_app.publication",
  "pk": 12,
  "fields": {
    "image": "posts/kitchen_fire.jpg",
    "text": "В каждом мгновении я вижу красоту, которая ждет, чтобы быть запечатленной. Мои фотографии — это попытки зафиксировать этот момент совершенства, позволяя каждому увидеть мир через мои глаза.",
    "user": 8,
    "like": 3,
    "comment": 0,
    "created_at": "2024-03-21T09:11:09.797Z"
  }
},
{
  "model": "inst_app.publication",
  "pk": 13,
  "fields": {
    "image": "posts/morning_run.jpg",
    "text": "Раннее утро, свежий воздух и бег по парку — идеальный старт для активного дня! Зарядка для тела и разминка для ума. Поднимайтесь и бегите вместе со мной!",
    "user": 15,
    "like": 2,
    "comment": 0,
    "created_at": "2024-03-21T09:16:01.125Z"
  }
},
{
  "model": "inst_app.publication",
  "pk": 14,
  "fields": {
    "image": "posts/hospital.jpg",
    "text": "Смена в больнице — это не просто работа, это моя страсть и призвание. В каждом пациенте я вижу шанс помочь, в каждом вызове — возможность стать лучше. Горжусь, что моя профессия позволяет мне быть на передовой заботы о здоровье!",
    "user": 15,
    "like": 2,
    "comment": 0,
    "created_at": "2024-03-21T09:20:57.057Z"
  }
},
{
  "model": "inst_app.publication",
  "pk": 15,
  "fields": {
    "image": "posts/patient.jpg",
    "text": "Встречи с пациентами, чьи жизни я помог изменить, всегда наполняют меня радостью и удовлетворением.",
    "user": 15,
    "like": 2,
    "comment": 0,
    "created_at": "2024-03-21T09:31:26.829Z"
  }
},
{
  "model": "inst_app.publication",
  "pk": 16,
  "fields": {
    "image": "posts/cup_of_tea.jpg",
    "text": "Сегодня я нашла время для того, чтобы погрузиться в мир простоты и спокойствия. Не всегда нужно стремиться к чему-то большему или идеальному. Иногда настоящая гармония находится в том, чтобы насладиться моментом, окруженным тишиной. Вдохновляйтесь простыми вещами, они могут принести больше радости, чем вы думаете. 🌿💖",
    "user": 14,
    "like": 2,
    "comment": 1,
    "created_at": "2024-03-21T09:35:12.194Z"
  }
},
{
  "model": "inst_app.publication",
  "pk": 17,
  "fields": {
    "image": "posts/language.jpg",
    "text": "Для меня каждый язык — это не просто средство общения, а отдельный мир, полный истории, культуры и традиций. С каждым изучаемым словом я расширяю свой кругозор и погружаюсь в новую культурную среду. Поделитесь со мной, какие языки вы изучаете или хотели бы изучить?",
    "user": 13,
    "like": 3,
    "comment": 2,
    "created_at": "2024-03-21T09:40:24.359Z"
  }
},
{
  "model": "inst_app.publication",
  "pk": 18,
  "fields": {
    "image": "posts/books.jpg",
    "text": "Каждая книга — это как новое путешествие, где я становлюсь свидетелем удивительных приключений и узнаю много нового. Чтение — это мое хобби, мое увлечение, мой способ расширить свой мир и углубить понимание окружающего меня мира.",
    "user": 13,
    "like": 2,
    "comment": 0,
    "created_at": "2024-03-21T09:41:45.143Z"
  }
},
{
  "model": "inst_app.publication",
  "pk": 19,
  "fields": {
    "image": "posts/flowers.jpg",
    "text": "Для меня каждый день — это новый шанс воплотить свою страсть к креативному искусству. В мире, где вдохновение бьет через край, я нахожу красоту в мельчайших деталях.",
    "user": 12,
    "like": 1,
    "comment": 0,
    "created_at": "2024-03-21T09:46:49.671Z"
  }
},
{
  "model": "inst_app.publication",
  "pk": 20,
  "fields": {
    "image": "posts/vinyl.jpg",
    "text": "Сегодняшний день наполнен звуками приключений и мелодий, которые вдохновляют меня на новые высоты. Музыка — это не просто фоновый шум, это мое вдохновение, мой компас, указывающий путь к новым приключениям. Давайте создадим сегодняшний день в ритме мелодии и вдохновения! 🎶⚽️",
    "user": 11,
    "like": 3,
    "comment": 1,
    "created_at": "2024-03-21T09:52:59.533Z"
  }
},
{
  "model": "inst_app.comments",
  "pk": 1,
  "fields": {
    "publication": 5,
    "user": 6,
    "text": "Очень красиво!",
    "created_at": "2024-03-20T05:49:32.601Z"
  }
},
{
  "model": "inst_app.comments",
  "pk": 2,
  "fields": {
    "publication": 5,
    "user": 7,
    "text": "Забери меня c собой",
    "created_at": "2024-03-20T05:54:13.434Z"
  }
},
{
  "model": "inst_app.comments",
  "pk": 3,
  "fields": {
    "publication": 8,
    "user": 8,
    "text": "Жду рецепт",
    "created_at": "2024-03-20T05:57:37.146Z"
  }
},
{
  "model": "inst_app.comments",
  "pk": 4,
  "fields": {
    "publication": 8,
    "user": 7,
    "text": "Выглядит потрясающе!",
    "created_at": "2024-03-20T10:49:45.703Z"
  }
},
{
  "model": "inst_app.comments",
  "pk": 10,
  "fields": {
    "publication": 10,
    "user": 15,
    "text": "Лесные прогулки — моя любимая часть дня. Каждый раз такое ощущение, будто вокруг полно секретов, готовых раскрыться. 🌳💫",
    "created_at": "2024-03-21T09:16:49.843Z"
  }
},
{
  "model": "inst_app.comments",
  "pk": 11,
  "fields": {
    "publication": 16,
    "user": 13,
    "text": "Это так верно! Иногда мы забываем о ценности простых моментов в нашей спешке за большими целями. Спасибо за напоминание о важности наслаждения моментом простоты и спокойствия. 🙏✨",
    "created_at": "2024-03-21T09:42:09.351Z"
  }
},
{
  "model": "inst_app.comments",
  "pk": 12,
  "fields": {
    "publication": 5,
    "user": 13,
    "text": "Это так красиво! Закаты на побережье всегда наполняют меня восхищением и спокойствием. Они словно напоминают нам о бесконечной красоте мира, которую мы можем наблюдать каждый день. Спасибо за то, что делитесь этой красотой с нами! 🌅💙",
    "created_at": "2024-03-21T09:42:55.839Z"
  }
},
{
  "model": "inst_app.comments",
  "pk": 13,
  "fields": {
    "publication": 17,
    "user": 12,
    "text": "Я также люблю изучать новые языки и погружаться в разнообразие культур. В настоящее время изучаю испанский, а также мечтаю освоить французский и японский.",
    "created_at": "2024-03-21T09:45:39.475Z"
  }
},
{
  "model": "inst_app.comments",
  "pk": 14,
  "fields": {
    "publication": 17,
    "user": 9,
    "text": "В настоящее время я изучаю французский и немецкий, а также мечтаю освоить арабский и китайский. Каждый новый язык — это как открытие нового мира, и я согласен с вами на все сто! 🌍📚",
    "created_at": "2024-03-21T09:50:00.130Z"
  }
},
{
  "model": "inst_app.comments",
  "pk": 15,
  "fields": {
    "publication": 8,
    "user": 10,
    "text": "О, Миранда, какое замечательное открытие! Ваша страсть к кулинарии просто вдохновляет. Я безмерно люблю французскую кухню, и ваш новый рецепт рагу звучит просто прекрасно! Буду рада, если вы поделитесь своим секретом этого волшебного блюда! 🍽️✨",
    "created_at": "2024-03-21T09:55:46.768Z"
  }
},
{
  "model": "inst_app.comments",
  "pk": 16,
  "fields": {
    "publication": 20,
    "user": 10,
    "text": "Я согласна на все сто: музыка действительно способна вдохновлять нас и направлять наши шаги. В последнее время я тоже все чаще задумываюсь о приобретении винилового проигрывателя. Ведь какой может быть более аутентичный и эмоциональный опыт, чем слушать любимую музыку именно с винила?",
    "created_at": "2024-03-21T09:56:38.031Z"
  }
},
{
  "model": "inst_app.comments",
  "pk": 17,
  "fields": {
    "publication": 8,
    "user": 17,
    "text": "Вау, звучит восхитительно! 😍 Я бы точно хотел попробовать этот рецепт! Можете поделиться им? Спасибо! 🙏",
    "created_at": "2024-03-21T10:27:48.050Z"
  }
},
{
  "model": "inst_app.comments",
  "pk": 18,
  "fields": {
    "publication": 5,
    "user": 17,
    "text": "Это звучит так живописно! 🌅 Море всегда напоминает нам о бесконечности природы и жизни. Невероятно вдохновляющее место! 😊 #восхищен",
    "created_at": "2024-03-21T10:28:37.798Z"
  }
},
{
  "model": "inst_app.like",
  "pk": 53,
  "fields": {
    "publication": 5,
    "user": 6
  }
},
{
  "model": "inst_app.like",
  "pk": 54,
  "fields": {
    "publication": 5,
    "user": 7
  }
},
{
  "model": "inst_app.like",
  "pk": 55,
  "fields": {
    "publication": 3,
    "user": 8
  }
},
{
  "model": "inst_app.like",
  "pk": 56,
  "fields": {
    "publication": 8,
    "user": 8
  }
},
{
  "model": "inst_app.like",
  "pk": 59,
  "fields": {
    "publication": 8,
    "user": 7
  }
},
{
  "model": "inst_app.like",
  "pk": 60,
  "fields": {
    "publication": 12,
    "user": 15
  }
},
{
  "model": "inst_app.like",
  "pk": 61,
  "fields": {
    "publication": 11,
    "user": 15
  }
},
{
  "model": "inst_app.like",
  "pk": 62,
  "fields": {
    "publication": 10,
    "user": 15
  }
},
{
  "model": "inst_app.like",
  "pk": 63,
  "fields": {
    "publication": 9,
    "user": 15
  }
},
{
  "model": "inst_app.like",
  "pk": 64,
  "fields": {
    "publication": 5,
    "user": 15
  }
},
{
  "model": "inst_app.like",
  "pk": 65,
  "fields": {
    "publication": 16,
    "user": 13
  }
},
{
  "model": "inst_app.like",
  "pk": 67,
  "fields": {
    "publication": 18,
    "user": 9
  }
},
{
  "model": "inst_app.like",
  "pk": 68,
  "fields": {
    "publication": 17,
    "user": 9
  }
},
{
  "model": "inst_app.like",
  "pk": 69,
  "fields": {
    "publication": 17,
    "user": 12
  }
},
{
  "model": "inst_app.like",
  "pk": 70,
  "fields": {
    "publication": 8,
    "user": 10
  }
},
{
  "model": "inst_app.like",
  "pk": 71,
  "fields": {
    "publication": 20,
    "user": 10
  }
},
{
  "model": "inst_app.like",
  "pk": 72,
  "fields": {
    "publication": 3,
    "user": 7
  }
},
{
  "model": "inst_app.like",
  "pk": 73,
  "fields": {
    "publication": 20,
    "user": 7
  }
},
{
  "model": "inst_app.like",
  "pk": 74,
  "fields": {
    "publication": 15,
    "user": 7
  }
},
{
  "model": "inst_app.like",
  "pk": 75,
  "fields": {
    "publication": 14,
    "user": 7
  }
},
{
  "model": "inst_app.like",
  "pk": 76,
  "fields": {
    "publication": 13,
    "user": 7
  }
},
{
  "model": "inst_app.like",
  "pk": 77,
  "fields": {
    "publication": 12,
    "user": 7
  }
},
{
  "model": "inst_app.like",
  "pk": 78,
  "fields": {
    "publication": 11,
    "user": 7
  }
},
{
  "model": "inst_app.like",
  "pk": 79,
  "fields": {
    "publication": 10,
    "user": 7
  }
},
{
  "model": "inst_app.like",
  "pk": 80,
  "fields": {
    "publication": 6,
    "user": 7
  }
},
{
  "model": "inst_app.like",
  "pk": 81,
  "fields": {
    "publication": 9,
    "user": 7
  }
},
{
  "model": "inst_app.like",
  "pk": 82,
  "fields": {
    "publication": 20,
    "user": 17
  }
},
{
  "model": "inst_app.like",
  "pk": 83,
  "fields": {
    "publication": 19,
    "user": 17
  }
},
{
  "model": "inst_app.like",
  "pk": 84,
  "fields": {
    "publication": 18,
    "user": 17
  }
},
{
  "model": "inst_app.like",
  "pk": 85,
  "fields": {
    "publication": 17,
    "user": 17
  }
},
{
  "model": "inst_app.like",
  "pk": 86,
  "fields": {
    "publication": 3,
    "user": 17
  }
},
{
  "model": "inst_app.like",
  "pk": 87,
  "fields": {
    "publication": 4,
    "user": 17
  }
},
{
  "model": "inst_app.like",
  "pk": 88,
  "fields": {
    "publication": 5,
    "user": 17
  }
},
{
  "model": "inst_app.like",
  "pk": 89,
  "fields": {
    "publication": 6,
    "user": 17
  }
},
{
  "model": "inst_app.like",
  "pk": 90,
  "fields": {
    "publication": 7,
    "user": 17
  }
},
{
  "model": "inst_app.like",
  "pk": 91,
  "fields": {
    "publication": 8,
    "user": 17
  }
},
{
  "model": "inst_app.like",
  "pk": 92,
  "fields": {
    "publication": 9,
    "user": 17
  }
},
{
  "model": "inst_app.like",
  "pk": 93,
  "fields": {
    "publication": 10,
    "user": 17
  }
},
{
  "model": "inst_app.like",
  "pk": 94,
  "fields": {
    "publication": 11,
    "user": 17
  }
},
{
  "model": "inst_app.like",
  "pk": 95,
  "fields": {
    "publication": 12,
    "user": 17
  }
},
{
  "model": "inst_app.like",
  "pk": 96,
  "fields": {
    "publication": 13,
    "user": 17
  }
},
{
  "model": "inst_app.like",
  "pk": 97,
  "fields": {
    "publication": 14,
    "user": 17
  }
},
{
  "model": "inst_app.like",
  "pk": 98,
  "fields": {
    "publication": 15,
    "user": 17
  }
},
{
  "model": "inst_app.like",
  "pk": 99,
  "fields": {
    "publication": 16,
    "user": 17
  }
},
{
  "model": "inst_app.follower",
  "pk": 7,
  "fields": {
    "subscriber": 6,
    "followed": 8
  }
},
{
  "model": "inst_app.follower",
  "pk": 8,
  "fields": {
    "subscriber": 6,
    "followed": 7
  }
},
{
  "model": "inst_app.follower",
  "pk": 9,
  "fields": {
    "subscriber": 6,
    "followed": 9
  }
},
{
  "model": "inst_app.follower",
  "pk": 14,
  "fields": {
    "subscriber": 7,
    "followed": 8
  }
},
{
  "model": "inst_app.follower",
  "pk": 15,
  "fields": {
    "subscriber": 8,
    "followed": 6
  }
},
{
  "model": "inst_app.follower",
  "pk": 16,
  "fields": {
    "subscriber": 8,
    "followed": 9
  }
},
{
  "model": "inst_app.follower",
  "pk": 17,
  "fields": {
    "subscriber": 8,
    "followed": 10
  }
},
{
  "model": "inst_app.follower",
  "pk": 25,
  "fields": {
    "subscriber": 7,
    "followed": 6
  }
},
{
  "model": "inst_app.follower",
  "pk": 26,
  "fields": {
    "subscriber": 7,
    "followed": 11
  }
},
{
  "model": "inst_app.follower",
  "pk": 27,
  "fields": {
    "subscriber": 7,
    "followed": 15
  }
},
{
  "model": "inst_app.follower",
  "pk": 28,
  "fields": {
    "subscriber": 7,
    "followed": 10
  }
},
{
  "model": "inst_app.follower",
  "pk": 29,
  "fields": {
    "subscriber": 15,
    "followed": 14
  }
},
{
  "model": "inst_app.follower",
  "pk": 30,
  "fields": {
    "subscriber": 15,
    "followed": 13
  }
},
{
  "model": "inst_app.follower",
  "pk": 31,
  "fields": {
    "subscriber": 15,
    "followed": 12
  }
},
{
  "model": "inst_app.follower",
  "pk": 32,
  "fields": {
    "subscriber": 15,
    "followed": 8
  }
},
{
  "model": "inst_app.follower",
  "pk": 33,
  "fields": {
    "subscriber": 14,
    "followed": 8
  }
},
{
  "model": "inst_app.follower",
  "pk": 34,
  "fields": {
    "subscriber": 14,
    "followed": 15
  }
},
{
  "model": "inst_app.follower",
  "pk": 35,
  "fields": {
    "subscriber": 13,
    "followed": 14
  }
},
{
  "model": "inst_app.follower",
  "pk": 36,
  "fields": {
    "subscriber": 13,
    "followed": 8
  }
},
{
  "model": "inst_app.follower",
  "pk": 37,
  "fields": {
    "subscriber": 13,
    "followed": 9
  }
},
{
  "model": "inst_app.follower",
  "pk": 38,
  "fields": {
    "subscriber": 13,
    "followed": 12
  }
},
{
  "model": "inst_app.follower",
  "pk": 39,
  "fields": {
    "subscriber": 12,
    "followed": 10
  }
},
{
  "model": "inst_app.follower",
  "pk": 40,
  "fields": {
    "subscriber": 12,
    "followed": 11
  }
},
{
  "model": "inst_app.follower",
  "pk": 41,
  "fields": {
    "subscriber": 12,
    "followed": 13
  }
},
{
  "model": "inst_app.follower",
  "pk": 42,
  "fields": {
    "subscriber": 12,
    "followed": 14
  }
},
{
  "model": "inst_app.follower",
  "pk": 43,
  "fields": {
    "subscriber": 9,
    "followed": 13
  }
},
{
  "model": "inst_app.follower",
  "pk": 44,
  "fields": {
    "subscriber": 9,
    "followed": 15
  }
},
{
  "model": "inst_app.follower",
  "pk": 45,
  "fields": {
    "subscriber": 9,
    "followed": 7
  }
},
{
  "model": "inst_app.follower",
  "pk": 46,
  "fields": {
    "subscriber": 9,
    "followed": 12
  }
},
{
  "model": "inst_app.follower",
  "pk": 47,
  "fields": {
    "subscriber": 11,
    "followed": 9
  }
},
{
  "model": "inst_app.follower",
  "pk": 48,
  "fields": {
    "subscriber": 11,
    "followed": 12
  }
},
{
  "model": "inst_app.follower",
  "pk": 49,
  "fields": {
    "subscriber": 11,
    "followed": 13
  }
},
{
  "model": "inst_app.follower",
  "pk": 50,
  "fields": {
    "subscriber": 10,
    "followed": 6
  }
},
{
  "model": "inst_app.follower",
  "pk": 51,
  "fields": {
    "subscriber": 10,
    "followed": 7
  }
},
{
  "model": "inst_app.follower",
  "pk": 52,
  "fields": {
    "subscriber": 10,
    "followed": 11
  }
},
{
  "model": "inst_app.follower",
  "pk": 53,
  "fields": {
    "subscriber": 17,
    "followed": 6
  }
},
{
  "model": "inst_app.follower",
  "pk": 54,
  "fields": {
    "subscriber": 17,
    "followed": 7
  }
},
{
  "model": "inst_app.follower",
  "pk": 55,
  "fields": {
    "subscriber": 17,
    "followed": 8
  }
},
{
  "model": "inst_app.follower",
  "pk": 56,
  "fields": {
    "subscriber": 17,
    "followed": 9
  }
},
{
  "model": "inst_app.follower",
  "pk": 57,
  "fields": {
    "subscriber": 17,
    "followed": 10
  }
},
{
  "model": "inst_app.follower",
  "pk": 58,
  "fields": {
    "subscriber": 17,
    "followed": 11
  }
},
{
  "model": "inst_app.follower",
  "pk": 59,
  "fields": {
    "subscriber": 17,
    "followed": 12
  }
},
{
  "model": "inst_app.follower",
  "pk": 60,
  "fields": {
    "subscriber": 17,
    "followed": 13
  }
},
{
  "model": "inst_app.follower",
  "pk": 61,
  "fields": {
    "subscriber": 17,
    "followed": 14
  }
},
{
  "model": "inst_app.follower",
  "pk": 62,
  "fields": {
    "subscriber": 17,
    "followed": 15
  }
}
]
